Season;OddSuccessRate
2010-2011;50.26315789
2011-2012;52.10526316
2012-2013;53.15789474
2013-2014;60.26315789
2014-2015;53.42105263
2015-2016;47.36842105
2016-2017;60.78947368
2017-2018;55.26315789
2018-2019;58.68421053
2019-2020;53.15789474
